round,slice,frame,object_ref,cell,what,why,severity,owner,rule_id,evidence,action,rules_version,note
calib,C0,adasind_019560.jpg,L1+R3,na,ATTRIBUTE,E1_annotator_error,P2,annotator,R05,L1 để edge_zone=false trong khi vật nằm ở x<100px; reference R3 có edge_zone=true,keep_with_reason,v1.0.0,Nhầm thuộc tính edge_zone ở biên kính fisheye
calib,C0,adasind_019560.jpg,L2+R4,na,BOX_GEOMETRY,E1_annotator_error,P1,annotator,R02,Box L2 bị rộng sang bên phải xbr=1035 so với R4 xbr=966 làm giảm IoU,keep_with_reason,v1.0.0,Cần bám sát phần nhìn thấy của xe máy ở rìa phải
calib,C0,adasind_019560.jpg,R6,na,MISSING,E1_annotator_error,P1,annotator,R01,Bỏ sót xe ba bánh ThreeWheeler H=82px tại x=287-338 y=743-825,rework,v1.0.0,Vật thể ở cự ly xa cạnh xe khác bị bỏ sót khi rà soát
r2_qa,B2-mid,adasind_102750.jpg,L5,L_only,MISSING,,P1,qa,R01,Xe ba bánh ThreeWheeler hơi mờ ở x=252 y=900 H=44.8px đạt ngưỡng R01 cần bổ sung,rework,v1.0.0,QA My phát hiện vật thể mờ ở xa bị bỏ sót
r2_qa,B2-mid,adasind_102750.jpg,L3,L_only,WRONG_CLASS,,P1,qa,R04,Xe sát mép trái x=0 y=840 cần đối chiếu hình thái đầu xe giữa ThreeWheeler và Truck,keep_with_reason,v1.0.0,Nghi ngờ nhầm lẫn class theo R04
r2_qa,B2-mid,adasind_086220.jpg,L5,L_only,BOX_GEOMETRY,,P2,qa,R01,Bike hậu cảnh x=311 y=991 H=37px sát ngưỡng 40px,keep_with_reason,v1.0.0,Cần rà soát lại chiều cao đối tượng theo R01
r1_craft,B2-mid,adasind_086220.jpg,L4+R1,na,ATTRIBUTE,,,,,,,,
r1_craft,B2-mid,adasind_086220.jpg,L2,na,SPURIOUS,,,,,,,,
r1_craft,B2-mid,adasind_086220.jpg,L5,na,SPURIOUS,,,,,,,,
r1_craft,B2-mid,adasind_086220.jpg,R4,na,MISSING,,,,,,,,
r1_craft,B2-mid,adasind_102750.jpg,L7+R1,na,ATTRIBUTE,,,,,,,,
r1_craft,B2-mid,adasind_102750.jpg,L2,na,SPURIOUS,,,,,,,,
r1_craft,B2-mid,adasind_102750.jpg,L3+R2,na,WRONG_CLASS,,,,,,,,
r1_craft,B2-mid,adasind_102750.jpg,L5,na,SPURIOUS,,,,,,,,
r3_diag,B2-mid,adasind_060000.jpg,L2+R1,LR_noM,MISSING,,,,,,,,
r3_diag,B2-mid,adasind_060000.jpg,L4+R3,LR_noM,MISSING,,,,,,,,
r3_diag,B2-mid,adasind_060000.jpg,L8+R9,LR_noM,MISSING,,,,,,,,
r3_diag,B2-mid,adasind_060000.jpg,L10+R4,LR_noM,MISSING,,,,,,,,
r3_diag,B2-mid,adasind_060000.jpg,L7+R8,LR_noM,MISSING,,,,,,,,
r3_diag,B2-mid,adasind_060000.jpg,L5+R2,LR_noM,MISSING,,,,,,,,
r3_diag,B2-mid,adasind_060000.jpg,M2,M_only,SPURIOUS,,,,,,,,
r3_diag,B2-mid,adasind_060000.jpg,M3,M_only,SPURIOUS,,,,,,,,
r3_diag,B2-mid,adasind_060000.jpg,M7,M_only,SPURIOUS,,,,,,,,
r3_diag,B2-mid,adasind_060000.jpg,M9,M_only,SPURIOUS,,,,,,,,
r3_diag,B2-mid,adasind_060000.jpg,M10,M_only,SPURIOUS,,,,,,,,
r3_diag,B2-mid,adasind_060000.jpg,M11,M_only,SPURIOUS,,,,,,,,
r3_diag,B2-mid,adasind_060000.jpg,M12,M_only,SPURIOUS,,,,,,,,
r3_diag,B2-mid,adasind_086220.jpg,L4+R1,LR_noM,MISSING,,,,,,,,
r3_diag,B2-mid,adasind_086220.jpg,L1+R5,LR_noM,MISSING,,,,,,,,
r3_diag,B2-mid,adasind_086220.jpg,L2+M8,LM_noR,SPURIOUS,,,,,,,,
r3_diag,B2-mid,adasind_086220.jpg,L5,L_only,SPURIOUS,,,,,,,,
r3_diag,B2-mid,adasind_086220.jpg,R4,R_only,MISSING,,,,,,,,
r3_diag,B2-mid,adasind_086220.jpg,M2,M_only,SPURIOUS,,,,,,,,
r3_diag,B2-mid,adasind_086220.jpg,M3,M_only,SPURIOUS,,,,,,,,
r3_diag,B2-mid,adasind_086220.jpg,M5,M_only,SPURIOUS,,,,,,,,
r3_diag,B2-mid,adasind_086220.jpg,M6,M_only,SPURIOUS,,,,,,,,
r3_diag,B2-mid,adasind_086220.jpg,M7,M_only,SPURIOUS,,,,,,,,
r3_diag,B2-mid,adasind_102750.jpg,L6+R4,LR_noM,MISSING,,,,,,,,
r3_diag,B2-mid,adasind_102750.jpg,L1+R3,LR_noM,MISSING,,,,,,,,
r3_diag,B2-mid,adasind_102750.jpg,L2,L_only,SPURIOUS,,,,,,,,
r3_diag,B2-mid,adasind_102750.jpg,L3,L_only,SPURIOUS,,,,,,,,
r3_diag,B2-mid,adasind_102750.jpg,L5,L_only,SPURIOUS,,,,,,,,
r3_diag,B2-mid,adasind_102750.jpg,R2+M2,RM_noL,MISSING,,,,,,,,
r3_diag,B2-mid,adasind_102750.jpg,M3,M_only,SPURIOUS,,,,,,,,
r3_diag,B2-mid,adasind_102750.jpg,M4,M_only,SPURIOUS,,,,,,,,
r3_diag,B2-mid,adasind_102750.jpg,M5,M_only,SPURIOUS,,,,,,,,
r3_diag,B2-mid,adasind_102750.jpg,M6,M_only,SPURIOUS,,,,,,,,
r3_diag,B2-mid,adasind_102750.jpg,M7,M_only,SPURIOUS,,,,,,,,
